Autor Teste,Livro Teste,200,123456789,Aventura,Editora Teste,true,null
Autor Teste,Livro Teste,200,123456789,Aventura,Editora Teste,true,null
Autor Teste,Livro Teste,200,123456789,Aventura,Editora Teste,true,null
Autor Teste,Livro Teste,200,123456789,Aventura,Editora Teste,true,null
Autor Teste,Livro Teste,200,123456789,Aventura,Editora Teste,true,null
Autor Teste,Livro Teste,200,123456789,Aventura,Editora Teste,true,null
Autor Teste,Livro Teste,200,123456789,Aventura,Editora Teste,true,null
Autor Teste,Livro Teste,200,123456789,Aventura,Editora Teste,true,null
Autor Teste,Livro Teste,200,123456789,Aventura,Editora Teste,true,null
Autor Teste,Livro Teste,200,123456789,Aventura,Editora Teste,true,null
Autor Teste,Livro Teste,200,123456789,Aventura,Editora Teste,true,null
Autor Teste,Livro Teste,200,123456789,Aventura,Editora Teste,true,null
Autor Teste,Livro Teste,200,123456789,Aventura,Editora Teste,true,null
Autor Teste,Livro Teste,200,123456789,Aventura,Editora Teste,true,null
Autor Teste,Livro Teste,200,123456789,Aventura,Editora Teste,true,null
Autor Teste,Livro Teste,200,123456789,Aventura,Editora Teste,true,null
Autor Teste,Livro Teste,200,123456789,Aventura,Editora Teste,true,null
Autor Teste,Livro Teste,200,123456789,Aventura,Editora Teste,true,null
Autor Teste,Livro Teste,200,123456789,Aventura,Editora Teste,true,null
Autor Teste,Livro Teste,200,123456789,Aventura,Editora Teste,true,null
Autor Teste,Livro Teste,200,123456789,Aventura,Editora Teste,true,null
Autor Teste,Livro Teste,200,123456789,Aventura,Editora Teste,true,null
Autor Teste,Livro Teste,200,123456789,Aventura,Editora Teste,true,null
Autor Teste,Livro Teste,200,123456789,Aventura,Editora Teste,true,null
Autor Teste,Livro Teste,200,123456789,Aventura,Editora Teste,true,null
Autor Teste,Livro Teste,200,123456789,Aventura,Editora Teste,true,null
Autor Teste,Livro Teste,200,123456789,Aventura,Editora Teste,true,null
Autor Teste,Livro Teste,200,123456789,Aventura,Editora Teste,true,null
Autor Teste,T,1,I,null,E,false,null
Autor Teste,T,1,I,G,E,false,null
Autor Teste,T,1,I,,E,false,null
Autor Teste,T,1,I,null,E,false,null
Autor Teste,T,1,I,G,E,false,null
a,T,1,I,G,E,false,null
B,T,1,I,G,E,false,null
Autor Teste,T,1,I,drama,E,false,null
J.K. Rowling,Harry Potter,300,978-123,Fantasia,Rocco,false,UK
Machado de Assis,Dom Casmurro,200,ISBN-999,Romance,Editora A,false,Brasil
Autor Teste,Livro Teste,200,123456789,Aventura,Editora Teste,true,null
Autor Teste,Livro Teste,200,123456789,Aventura,Editora Teste,true,null
Autor Teste,Livro Teste,200,123456789,Aventura,Editora Teste,true,null
Autor Teste,Livro Teste,200,123456789,Aventura,Editora Teste,true,null
Autor Teste,Livro Teste,200,123456789,Aventura,Editora Teste,true,null
Autor Teste,Livro Teste,200,123456789,Aventura,Editora Teste,true,null
Autor Teste,Livro Teste,200,123456789,Aventura,Editora Teste,true,null
Autor Teste,Livro Teste,200,123456789,Aventura,Editora Teste,true,null
Autor Teste,Livro Teste,200,123456789,Aventura,Editora Teste,true,null
Autor Teste,Livro Teste,200,123456789,Aventura,Editora Teste,true,null
Autor Teste,Livro Teste,200,123456789,Aventura,Editora Teste,true,null
Autor Teste,Livro Teste,200,123456789,Aventura,Editora Teste,true,null
Autor Teste,Livro Teste,200,123456789,Aventura,Editora Teste,true,null
Autor Teste,Livro Teste,200,123456789,Aventura,Editora Teste,true,null
Autor Teste,Livro Teste,200,123456789,Aventura,Editora Teste,true,
Autor Teste,Livro Teste,200,123456789,Aventura,Editora Teste,true,null
Autor Teste,Livro Teste,200,123456789,Aventura,Editora Teste,true,null
